residue,atom,ss_class,count,mean,median,std,min,max,rc_deviation,bmrb_id
A,C,coil,1,175.6,175.6,,175.6,175.6,-2.200000000000017,6351
A,CA,coil,1,51.3,51.3,,51.3,51.3,-1.0,6351
A,CB,coil,1,18.4,18.4,,18.4,18.4,-0.7000000000000028,6351
A,N,coil,1,119.6,119.6,,119.6,119.6,-4.200000000000003,6351
C,C,coil,2,173.2,173.2,0.42426406871193456,172.9,173.5,-1.4000000000000057,6351
C,CA,coil,2,54.55,54.55,0.7778174593052057,54.0,55.1,-3.6500000000000057,6351
C,CA,strand,1,54.2,54.2,,54.2,54.2,-4.0,6351
C,CA,unknown,1,54.5,54.5,,54.5,54.5,-3.700000000000003,6351
C,CB,coil,2,42.150000000000006,42.150000000000006,5.727564927611039,38.1,46.2,14.150000000000006,6351
C,CB,strand,1,37.5,37.5,,37.5,37.5,9.5,6351
C,CB,unknown,1,33.4,33.4,,33.4,33.4,5.399999999999999,6351
C,N,coil,2,117.4,117.4,3.6769552621700443,114.8,120.0,-1.3999999999999915,6351
C,N,helix,2,111.35,111.35,1.2020815280171278,110.5,112.2,-7.450000000000003,6351
C,N,unknown,1,116.9,116.9,,116.9,116.9,-1.8999999999999915,6351
E,CA,strand,1,56.1,56.1,,56.1,56.1,-0.5,6351
E,CB,strand,1,33.4,33.4,,33.4,33.4,3.1999999999999993,6351
E,CG,strand,1,35.9,35.9,,35.9,35.9,,6351
E,N,strand,1,126.9,126.9,,126.9,126.9,6.700000000000003,6351
F,CA,strand,1,54.8,54.8,,54.8,54.8,-2.9000000000000057,6351
F,CB,strand,1,36.7,36.7,,36.7,36.7,-2.8999999999999986,6351
F,N,strand,1,120.4,120.4,,120.4,120.4,0.10000000000000853,6351
G,C,coil,2,171.85,171.85,3.181980515339464,169.6,174.1,-1.950000000000017,6351
G,C,helix,1,173.9,173.9,,173.9,173.9,0.09999999999999432,6351
G,C,strand,1,174.5,174.5,,174.5,174.5,0.6999999999999886,6351
G,CA,coil,2,44.4,44.4,1.5556349186104066,43.3,45.5,-0.7000000000000028,6351
G,CA,helix,1,44.5,44.5,,44.5,44.5,-0.6000000000000014,6351
G,CA,strand,1,45.9,45.9,,45.9,45.9,0.7999999999999972,6351
G,N,coil,2,110.5,110.5,6.929646455628173,105.6,115.4,1.7000000000000028,6351
G,N,helix,1,108.7,108.7,,108.7,108.7,-0.09999999999999432,6351
G,N,strand,1,106.5,106.5,,106.5,106.5,-2.299999999999997,6351
H,CA,unknown,1,52.2,52.2,,52.2,52.2,-3.6999999999999957,6351
H,N,unknown,1,118.9,118.9,,118.9,118.9,0.7000000000000028,6351
I,C,strand,1,175.3,175.3,,175.3,175.3,-0.5,6351
I,CA,strand,1,59.3,59.3,,59.3,59.3,-1.8000000000000043,6351
I,CB,strand,1,41.0,41.0,,41.0,41.0,2.200000000000003,6351
I,CD1,strand,1,13.6,13.6,,13.6,13.6,,6351
I,CG1,strand,1,26.0,26.0,,26.0,26.0,,6351
I,CG2,strand,1,17.6,17.6,,17.6,17.6,,6351
I,N,strand,1,117.3,117.3,,117.3,117.3,-3.6000000000000085,6351
K,C,strand,2,174.95,174.95,0.21213203435596223,174.8,175.1,-1.6500000000000057,6351
K,CA,coil,1,54.9,54.9,,54.9,54.9,-1.6000000000000014,6351
K,CA,helix,1,60.5,60.5,,60.5,60.5,4.0,6351
K,CA,strand,1,55.9,55.9,,55.9,55.9,-0.6000000000000014,6351
K,CB,coil,1,36.6,36.6,,36.6,36.6,3.5,6351
K,CB,helix,1,29.3,29.3,,29.3,29.3,-3.8000000000000007,6351
K,CB,strand,2,33.4,33.4,0.14142135623731153,33.3,33.5,0.29999999999999716,6351
K,CD,coil,1,28.6,28.6,,28.6,28.6,,6351
K,CD,strand,2,29.35,29.35,0.0707106781186545,29.3,29.4,,6351
K,CG,coil,1,24.7,24.7,,24.7,24.7,,6351
K,CG,helix,1,25.2,25.2,,25.2,25.2,,6351
K,CG,strand,2,25.05,25.05,0.07071067811865576,25.0,25.1,,6351
K,N,strand,2,122.85,122.85,6.15182899632296,118.5,127.2,2.4499999999999886,6351
L,CA,helix,1,58.4,58.4,,58.4,58.4,3.1999999999999957,6351
L,CB,helix,1,41.3,41.3,,41.3,41.3,-1.1000000000000014,6351
L,CD1,helix,1,25.1,25.1,,25.1,25.1,,6351
L,CD2,helix,1,22.7,22.7,,22.7,22.7,,6351
L,CG,helix,1,27.1,27.1,,27.1,27.1,,6351
L,N,helix,1,121.8,121.8,,121.8,121.8,0.0,6351
M,CA,coil,1,53.9,53.9,,53.9,53.9,-1.7000000000000028,6351
M,CA,strand,1,55.0,55.0,,55.0,55.0,-0.6000000000000014,6351
M,CB,coil,1,31.2,31.2,,31.2,31.2,-1.9000000000000021,6351
M,CB,strand,1,35.4,35.4,,35.4,35.4,2.299999999999997,6351
M,CG,strand,1,31.4,31.4,,31.4,31.4,,6351
M,N,coil,1,119.4,119.4,,119.4,119.4,-0.19999999999998863,6351
N,CA,strand,1,52.4,52.4,,52.4,52.4,-0.7000000000000028,6351
N,CB,strand,1,36.7,36.7,,36.7,36.7,-2.1999999999999957,6351
P,C,helix,2,176.95,176.95,0.4949747468305853,176.6,177.3,-0.35000000000002274,6351
P,C,unknown,1,176.1,176.1,,176.1,176.1,-1.200000000000017,6351
P,CA,helix,2,66.19999999999999,66.19999999999999,0.14142135623731653,66.1,66.3,2.8999999999999915,6351
P,CA,unknown,1,62.8,62.8,,62.8,62.8,-0.5,6351
P,CB,helix,2,31.299999999999997,31.299999999999997,0.14142135623731025,31.2,31.4,-0.8000000000000043,6351
P,CB,unknown,1,32.6,32.6,,32.6,32.6,0.5,6351
P,CD,helix,2,50.55,50.55,1.2020815280171253,49.7,51.4,,6351
P,CD,unknown,1,51.6,51.6,,51.6,51.6,,6351
P,CG,helix,2,28.5,28.5,0.14142135623731153,28.4,28.6,,6351
P,CG,unknown,1,27.5,27.5,,27.5,27.5,,6351
P,N,helix,2,134.95,134.95,2.1920310216782832,133.4,136.5,-1.5500000000000114,6351
Q,CA,helix,1,57.0,57.0,,57.0,57.0,1.2000000000000028,6351
Q,CB,helix,1,28.8,28.8,,28.8,28.8,-0.5999999999999979,6351
Q,CD,helix,1,180.4,180.4,,180.4,180.4,,6351
Q,CG,helix,1,33.8,33.8,,33.8,33.8,,6351
Q,N,helix,1,110.9,110.9,,110.9,110.9,-8.899999999999991,6351
R,C,strand,1,178.0,178.0,,178.0,178.0,1.6999999999999886,6351
R,CA,strand,1,52.3,52.3,,52.3,52.3,-3.8000000000000043,6351
R,CB,strand,1,36.9,36.9,,36.9,36.9,6.0,6351
S,C,coil,1,173.9,173.9,,173.9,173.9,-0.6999999999999886,6351
S,C,helix,1,173.0,173.0,,173.0,173.0,-1.5999999999999943,6351
S,CA,coil,1,57.7,57.7,,57.7,57.7,-0.5999999999999943,6351
S,CA,helix,1,61.2,61.2,,61.2,61.2,2.9000000000000057,6351
S,CB,coil,1,64.5,64.5,,64.5,64.5,0.7000000000000028,6351
S,CB,helix,1,64.3,64.3,,64.3,64.3,0.5,6351
S,N,coil,1,111.7,111.7,,111.7,111.7,-4.0,6351
S,N,helix,1,120.3,120.3,,120.3,120.3,4.599999999999994,6351
T,C,unknown,1,172.0,172.0,,172.0,172.0,-2.6999999999999886,6351
T,CA,unknown,1,60.2,60.2,,60.2,60.2,-1.5999999999999943,6351
T,CB,unknown,1,71.0,71.0,,71.0,71.0,1.2000000000000028,6351
T,CG2,unknown,1,20.7,20.7,,20.7,20.7,,6351
V,C,strand,1,174.5,174.5,,174.5,174.5,-1.8000000000000114,6351
V,CA,strand,2,61.05,61.05,0.6363961030678943,60.6,61.5,-1.1500000000000057,6351
V,CB,strand,2,35.8,35.8,1.272792206135791,34.9,36.7,2.8999999999999986,6351
V,CG1,strand,2,21.299999999999997,21.299999999999997,0.8485281374238578,20.7,21.9,,6351
V,CG2,strand,2,20.95,20.95,0.3535533905932738,20.7,21.2,,6351
V,N,strand,2,119.85,119.85,1.6263455967290623,118.7,121.0,-0.05000000000001137,6351
