residue,atom,ss_class,count,mean,median,std,min,max,rc_deviation
A,C,unknown,8,177.53125,177.685,0.9932836956277882,175.33,178.63,-0.26875000000001137
A,CA,unknown,8,52.59375,52.78,0.8794631073233582,50.69,53.73,0.29375000000000284
A,CB,unknown,8,18.99375,19.09,0.35067027655212296,18.19,19.3,-0.10625000000000284
A,H,unknown,8,8.22625,8.215,0.14302222604496523,7.99,8.44,-0.023749999999999716
A,N,unknown,8,124.75874999999999,124.605,0.8898224140644163,123.74,126.07,0.9587499999999949
D,C,unknown,8,176.28625,176.59500000000003,0.7222769057442138,174.82,176.93,-0.013750000000015916
D,CA,unknown,8,54.5025,54.515,1.005509820936625,52.66,56.34,0.3024999999999949
D,CB,unknown,8,41.1175,41.1,0.16867127793433126,40.92,41.45,0.017499999999998295
D,H,unknown,8,8.31875,8.365,0.12205824136744813,8.11,8.45,-0.051249999999999574
D,N,unknown,8,121.1675,121.0,1.4265718148264168,118.51,123.25,0.7674999999999983
E,C,strand,2,176.655,176.655,0.13435028842544242,176.56,176.75,0.05500000000000682
E,C,unknown,7,176.6942857142857,176.75,0.27005290486971395,176.25,176.97,0.09428571428571786
E,CA,strand,2,56.86,56.86,0.056568542494922595,56.82,56.9,0.259999999999998
E,CA,unknown,7,56.93714285714286,56.84,0.2775916836959315,56.63,57.33,0.3371428571428581
E,CB,strand,2,30.195,30.195,0.0070710678118640685,30.19,30.2,-0.004999999999999005
E,CB,unknown,7,30.15285714285714,30.09,0.2065360570388202,29.84,30.37,-0.04714285714285893
E,H,strand,2,8.335,8.335,0.07778174593052045,8.28,8.39,-0.02499999999999858
E,H,unknown,7,8.412857142857144,8.41,0.15063358254544754,8.14,8.61,0.05285714285714427
E,N,strand,2,121.315,121.315,2.2273863607376287,119.74,122.89,1.1149999999999949
E,N,unknown,7,121.18285714285715,121.22,0.6165958775328243,120.03,122.05,0.9828571428571422
F,C,unknown,1,175.5,175.5,,175.5,175.5,-0.30000000000001137
F,CA,unknown,1,57.6,57.6,,57.6,57.6,-0.10000000000000142
F,CB,unknown,1,39.81,39.81,,39.81,39.81,0.21000000000000085
F,H,unknown,1,8.32,8.32,,8.32,8.32,0.019999999999999574
F,N,unknown,1,122.07,122.07,,122.07,122.07,1.769999999999996
G,C,strand,1,173.86,173.86,,173.86,173.86,0.060000000000002274
G,C,unknown,11,174.14272727272726,174.12,0.2859752055368074,173.8,174.71,0.34272727272724524
G,CA,strand,1,45.27,45.27,,45.27,45.27,0.1700000000000017
G,CA,unknown,11,45.32363636363636,45.38,0.1821687529337965,45.03,45.56,0.2236363636363592
G,H,strand,1,7.86,7.86,,7.86,7.86,-0.46999999999999975
G,H,unknown,11,8.427272727272728,8.43,0.07772913341738892,8.28,8.55,0.09727272727272762
G,N,strand,1,109.09,109.09,,109.09,109.09,0.29000000000000625
G,N,unknown,11,109.84,110.0,0.986316379261748,108.52,112.18,1.0400000000000063
H,C,unknown,2,174.89,174.89,0.11313708498983514,174.81,174.97,0.789999999999992
H,CA,unknown,2,56.115,56.115,0.02121320343559723,56.1,56.13,0.2150000000000034
H,CB,unknown,2,29.63,29.63,0.6788225099390862,29.15,30.11,0.23000000000000043
H,H,unknown,1,7.96,7.96,,7.96,7.96,-0.4500000000000002
H,N,unknown,1,117.65,117.65,,117.65,117.65,-0.5499999999999972
I,C,unknown,1,177.08,177.08,,177.08,177.08,1.2800000000000011
I,CA,unknown,1,61.86,61.86,,61.86,61.86,0.759999999999998
I,CB,unknown,1,38.49,38.49,,38.49,38.49,-0.30999999999999517
I,H,unknown,1,8.07,8.07,,8.07,8.07,-0.15000000000000036
I,N,unknown,1,120.76,120.76,,120.76,120.76,-0.14000000000000057
K,C,unknown,9,176.51222222222222,176.78,0.9359991690404615,174.45,177.28,-0.08777777777777374
K,CA,unknown,9,56.44555555555556,56.74,0.8846483921749791,54.24,57.24,-0.0544444444444423
K,CB,unknown,9,32.86333333333333,32.92,0.3203513695928271,32.42,33.27,-0.2366666666666717
K,H,unknown,9,8.32,8.35,0.12668859459319923,8.12,8.52,0.07000000000000028
K,N,unknown,9,122.53,122.16,1.3709576944603303,120.76,125.25,2.1299999999999955
L,C,coil,2,177.54000000000002,177.54000000000002,0.28284271247461296,177.34,177.74,-0.05999999999997385
L,C,strand,1,178.04,178.04,,178.04,178.04,0.4399999999999977
L,C,unknown,8,177.095,177.29000000000002,0.952125441915533,174.8,177.75,-0.5049999999999955
L,CA,coil,2,55.4,55.4,0.3394112549695456,55.16,55.64,0.19999999999999574
L,CA,strand,1,55.67,55.67,,55.67,55.67,0.46999999999999886
L,CA,unknown,8,55.185,55.480000000000004,0.9472064188971696,52.89,55.76,-0.015000000000000568
L,CB,coil,2,42.394999999999996,42.394999999999996,0.33234018715768404,42.16,42.63,-0.005000000000002558
L,CB,strand,1,42.1,42.1,,42.1,42.1,-0.29999999999999716
L,CB,unknown,8,42.1075,42.155,0.27906732418642616,41.61,42.41,-0.2924999999999969
L,H,coil,2,8.135000000000002,8.135000000000002,0.007071067811865952,8.13,8.14,-0.02499999999999858
L,H,strand,1,8.17,8.17,,8.17,8.17,0.009999999999999787
L,H,unknown,8,8.14875,8.17,0.1635706487816729,7.96,8.46,-0.011250000000000426
L,N,coil,2,121.34,121.34,0.05656854249492762,121.3,121.38,-0.45999999999999375
L,N,strand,1,121.87,121.87,,121.87,121.87,0.07000000000000739
L,N,unknown,8,121.96375,122.05000000000001,1.9030196868586065,118.11,124.59,0.1637500000000074
M,C,unknown,4,176.5875,176.56,0.3106310780760011,176.25,176.98,0.2874999999999943
M,CA,unknown,4,55.7475,55.78,0.10874281585465692,55.59,55.84,0.14750000000000085
M,CB,unknown,4,32.69,32.695,0.1319090595827281,32.53,32.84,-0.4100000000000037
M,H,unknown,4,8.2325,8.245,0.07632168761236885,8.14,8.3,-0.04749999999999943
M,N,unknown,4,120.35249999999999,120.365,0.426409427663132,119.82,120.86,0.7524999999999977
N,C,strand,1,175.35,175.35,,175.35,175.35,0.15000000000000568
N,C,unknown,4,174.9525,175.26,0.6763320190557306,173.94,175.35,-0.24750000000000227
N,CA,strand,1,53.38,53.38,,53.38,53.38,0.28000000000000114
N,CA,unknown,4,52.905,53.400000000000006,1.1350624065075308,51.21,53.61,-0.19500000000000028
N,CB,strand,1,38.6,38.6,,38.6,38.6,-0.29999999999999716
N,CB,unknown,4,38.8475,38.84,0.15392097539538588,38.71,39.0,-0.05250000000000199
N,H,strand,1,8.28,8.28,,8.28,8.28,-0.10000000000000142
N,H,unknown,4,8.4125,8.395,0.20056171120131605,8.22,8.64,0.03249999999999886
N,N,strand,1,118.4,118.4,,118.4,118.4,-0.29999999999999716
N,N,unknown,4,120.38,120.33500000000001,0.865139680437021,119.37,121.48,1.6799999999999926
P,C,unknown,4,176.9575,176.945,0.22529610146058468,176.73,177.21,-0.34250000000000114
P,CA,unknown,4,63.3925,63.33,0.38707234465923973,63.05,63.86,0.09250000000000114
P,CB,unknown,4,32.129999999999995,32.15,0.05416025603090714,32.05,32.17,0.02999999999999403
Q,C,unknown,8,175.995,175.995,0.41227591315941575,175.38,176.66,0.09499999999999886
Q,CA,unknown,8,56.03625,56.045,0.2767122022194598,55.6,56.45,0.2362500000000054
Q,CB,unknown,8,29.31375,29.275,0.21313560405123683,29.05,29.58,-0.08624999999999972
Q,H,unknown,7,8.281428571428572,8.3,0.07819389819087966,8.16,8.37,0.011428571428572454
Q,N,unknown,7,120.89571428571428,120.97,1.4686825972375925,118.58,122.65,1.0957142857142799
R,C,unknown,12,176.37583333333336,176.35500000000002,0.297151884436633,175.91,176.87,0.07583333333334963
R,CA,unknown,12,56.17583333333334,56.120000000000005,0.29286851947071835,55.75,56.83,0.07583333333333542
R,CB,unknown,12,30.8125,30.825,0.21545406597568492,30.36,31.1,-0.08749999999999858
R,H,unknown,12,8.354999999999999,8.434999999999999,0.15710448173689406,8.08,8.54,0.08499999999999908
R,N,unknown,12,121.92416666666666,122.33,1.2193549586365398,120.1,123.3,1.4241666666666646
S,C,unknown,5,174.45999999999998,174.41,0.3743661309467058,174.0,175.0,-0.14000000000001478
S,CA,unknown,5,58.278,58.3,0.23445681905203883,57.95,58.59,-0.021999999999998465
S,CB,unknown,5,63.898,64.0,0.14889593681494753,63.73,64.01,0.09800000000000608
S,H,unknown,4,8.295,8.344999999999999,0.2046948949045875,8.02,8.47,-0.015000000000000568
S,N,unknown,4,117.49,117.495,0.5319774431308187,116.87,118.1,1.789999999999992
T,C,unknown,3,174.57333333333335,174.53,0.20840665376455247,174.39,174.8,-0.12666666666663673
T,CA,unknown,3,62.10666666666666,62.04,0.2371356854911014,61.91,62.37,0.30666666666666487
T,CB,unknown,3,69.69666666666666,69.72,0.13650396819628238,69.55,69.82,-0.10333333333333883
T,H,unknown,3,8.103333333333333,8.15,0.11718930554164646,7.97,8.19,-0.13666666666666671
T,N,unknown,3,114.54666666666667,114.04,1.0464384039843597,113.85,115.75,0.9466666666666725
V,C,unknown,2,176.205,176.205,0.5727564927611051,175.8,176.61,-0.09499999999999886
V,CA,unknown,2,62.675,62.675,0.7424621202458804,62.15,63.2,0.4749999999999943
V,CB,unknown,2,32.66,32.66,0.4101219330881989,32.37,32.95,-0.240000000000002
V,H,unknown,2,8.08,8.08,0.09899494936611705,8.01,8.15,-0.10999999999999943
V,N,unknown,2,121.00999999999999,121.00999999999999,1.3435028842544292,120.06,121.96,1.1099999999999852
Y,C,unknown,7,175.82285714285715,175.81,0.16059413498155517,175.57,176.02,-0.07714285714286007
Y,CA,unknown,7,58.199999999999996,58.05,0.3549647869859795,57.89,58.95,0.29999999999999716
Y,CB,unknown,7,38.67285714285714,38.65,0.13098527725337122,38.49,38.91,-0.12714285714285722
Y,H,unknown,7,8.152857142857142,8.11,0.0882636742407438,8.06,8.28,-0.02714285714285758
Y,N,unknown,7,120.24428571428572,120.06,1.207088192619702,118.93,122.57,-0.055714285714273615
